{
    "accuracy_rf": 0.5701311806256307,
    "classification_report_rf": {
        "angry-face": {
            "precision": 0.5897435897435898,
            "recall": 0.4956896551724138,
            "f1-score": 0.5386416861826698,
            "support": 232.0
        },
        "happy-face": {
            "precision": 0.53125,
            "recall": 0.6513409961685823,
            "f1-score": 0.5851979345955249,
            "support": 261.0
        },
        "neutral-face": {
            "precision": 0.6538461538461539,
            "recall": 0.6181818181818182,
            "f1-score": 0.6355140186915887,
            "support": 330.0
        },
        "sad-face": {
            "precision": 0.4634146341463415,
            "recall": 0.4523809523809524,
            "f1-score": 0.4578313253012048,
            "support": 168.0
        },
        "accuracy": 0.5701311806256307,
        "macro avg": {
            "precision": 0.5595635944340213,
            "recall": 0.5543983554759417,
            "f1-score": 0.5542962411927471,
            "support": 991.0
        },
        "weighted avg": {
            "precision": 0.5742680647087073,
            "recall": 0.5701311806256307,
            "f1-score": 0.5694619787514008,
            "support": 991.0
        }
    },
    "accuracy_gb": 0.5237134207870837,
    "classification_report_gb": {
        "angry-face": {
            "precision": 0.5255813953488372,
            "recall": 0.4870689655172414,
            "f1-score": 0.5055928411633109,
            "support": 232.0
        },
        "happy-face": {
            "precision": 0.5051194539249146,
            "recall": 0.5670498084291188,
            "f1-score": 0.5342960288808665,
            "support": 261.0
        },
        "neutral-face": {
            "precision": 0.6204620462046204,
            "recall": 0.5696969696969697,
            "f1-score": 0.593996840442338,
            "support": 330.0
        },
        "sad-face": {
            "precision": 0.3888888888888889,
            "recall": 0.4166666666666667,
            "f1-score": 0.40229885057471265,
            "support": 168.0
        },
        "accuracy": 0.5237134207870837,
        "macro avg": {
            "precision": 0.5100129460918152,
            "recall": 0.5101206025774991,
            "f1-score": 0.509046140265307,
            "support": 991.0
        },
        "weighted avg": {
            "precision": 0.5286143993705258,
            "recall": 0.5237134207870837,
            "f1-score": 0.5250796840871015,
            "support": 991.0
        }
    },
    "accuracy_stacking": 0.5469223007063572,
    "classification_report_stacking": {
        "angry-face": {
            "precision": 0.5492957746478874,
            "recall": 0.5043103448275862,
            "f1-score": 0.5258426966292135,
            "support": 232.0
        },
        "happy-face": {
            "precision": 0.5261437908496732,
            "recall": 0.6168582375478927,
            "f1-score": 0.5679012345679012,
            "support": 261.0
        },
        "neutral-face": {
            "precision": 0.6381578947368421,
            "recall": 0.5878787878787879,
            "f1-score": 0.61198738170347,
            "support": 330.0
        },
        "sad-face": {
            "precision": 0.4166666666666667,
            "recall": 0.4166666666666667,
            "f1-score": 0.4166666666666667,
            "support": 168.0
        },
        "accuracy": 0.5469223007063572,
        "macro avg": {
            "precision": 0.5325660317252673,
            "recall": 0.5314285092302333,
            "f1-score": 0.5305994948918128,
            "support": 991.0
        },
        "weighted avg": {
            "precision": 0.5503049993877219,
            "recall": 0.5469223007063572,
            "f1-score": 0.5470974407692683,
            "support": 991.0
        }
    },
    "confusion_matrix": [
        [
            117,
            47,
            38,
            30
        ],
        [
            24,
            161,
            43,
            33
        ],
        [
            40,
            61,
            194,
            35
        ],
        [
            32,
            37,
            29,
            70
        ]
    ]
}