{
    "accuracy_rf": 0.5701311806256307,
    "classification_report_rf": {
        "angry-face": {
            "precision": 0.5897435897435898,
            "recall": 0.4956896551724138,
            "f1-score": 0.5386416861826698,
            "support": 232.0
        },
        "happy-face": {
            "precision": 0.53125,
            "recall": 0.6513409961685823,
            "f1-score": 0.5851979345955249,
            "support": 261.0
        },
        "neutral-face": {
            "precision": 0.6538461538461539,
            "recall": 0.6181818181818182,
            "f1-score": 0.6355140186915887,
            "support": 330.0
        },
        "sad-face": {
            "precision": 0.4634146341463415,
            "recall": 0.4523809523809524,
            "f1-score": 0.4578313253012048,
            "support": 168.0
        },
        "accuracy": 0.5701311806256307,
        "macro avg": {
            "precision": 0.5595635944340213,
            "recall": 0.5543983554759417,
            "f1-score": 0.5542962411927471,
            "support": 991.0
        },
        "weighted avg": {
            "precision": 0.5742680647087073,
            "recall": 0.5701311806256307,
            "f1-score": 0.5694619787514008,
            "support": 991.0
        }
    },
    "confusion_matrix": [
        [
            115,
            51,
            35,
            31
        ],
        [
            22,
            170,
            41,
            28
        ],
        [
            34,
            63,
            204,
            29
        ],
        [
            24,
            36,
            32,
            76
        ]
    ]
}